lamiadobermann,1,0,0
IsabeiaaFeh,1,0,0
vlasic85,0,0,1
BeniaminoGiust1,1,0,0
pistarino,1,0,0
marcoserventi,1,0,0
FonteComune,1,0,0
twi_sabino,1,0,0
Sandrodream74,1,0,0
Europol,2,0,0
Cesaremacc,1,0,0
EmmanuelTropee,1,0,0
gattasorniona,1,0,0
Maurone,1,0,0
FrancoTrax,0,1,0
AssocAReS,1,0,0
maurocarafa31,2,0,0
rodrgtr,1,0,0
trekking_tv,3,0,0
Dianichis35,1,0,0
Daniela74Dl,1,0,0
LongoOlgaMaria,1,0,0
pak_62,20,0,0
arcuanto,1,0,0
EdizioniOggi,1,0,0
SergioBellano,5,0,0
paolafern75,1,0,0
ElenDuk,1,0,0
corrierebergamo,1,0,0
paolodon26,34,0,0
Juventology,1,0,0
carlodaverona,0,1,0
abioplastiche,1,0,0
AvvMdiBari,4,0,0
mmarchetti69,1,0,0
AEAFMA,1,0,0
mariovisco66,1,0,0
taccola10,1,0,0
gbsxf4,0,1,0
AntonioAlizzi82,1,0,0
RosiDelullo17,3,0,0
TerzoDiritto,3,0,0
a_portigliatti,1,0,0
VMaielli,1,0,0
Hades_0711,1,0,0
dirittofrontier,3,0,0
GiadaSanctis,1,0,0
eur_83,1,0,0
luidamato,0,1,0
Katowice71,28,0,0
proudman811,0,1,0
Agricolae1,2,0,0
norma_bruni,1,0,0
cayley__C,1,0,0
APapanikolop,1,0,0
BartoliTommy,1,0,0
GiuseppeR37,3,0,0
alehastasiempre,1,0,0
Marcello_Gatto,1,0,0
Tomrunner2,3,0,0
ccarchitetto,1,0,0
alexandercaper1,0,1,0
Elena07617349,3,0,1
marcotrulla,1,0,0
driano84,56,2,0
fondieuropei20,1,0,0
TRIESTEALLNEWS,1,0,0
BettoGigliola,2,0,0
TMilitari,1,0,0
frulrobyn,3,0,0
GargaDani,1,0,0
MammaNunmat64,1,0,0
alberto_pilotto,1,0,0
jacopogiliberto,1,0,0
michelesem90,21,0,0
giuliaturr,1,0,0
usatoscherma,1,0,0
leonenemeo,1,0,0
faellanta,1,0,0
caligola1974,0,1,0
ilzaga,0,0,2
marcof53,1,0,0
giornaleprociv,0,1,0
Consulenza_Agr,1,0,0
_Co_Bra_,1,0,0
PicchixFirenze,0,1,0
LuciaFino,1,0,0
VabScordia,0,1,0
matiolo1,1,0,0
CaioneMarcello,1,0,0
aviation_report,2,0,0
logos_kosmos,2,0,0
john1966olsen,1,0,0
iMagazineTwit,3,0,0
GazzdelCalatino,1,0,0
Mi_consento,0,0,1
caffeineheadx,1,0,0
mlgelm,1,0,0
IvanoCongiu,2,0,0
Toscanaccia1,1,0,0
LucaColucci1,1,0,0
LelloForlini,1,0,0
ALFONSODiego669,0,1,0
anglergangler,1,0,0
cormarch,1,0,0
michelecruscev,1,0,0
Damiano__89,1,0,0
snafribo,1,0,0
OllaPiero,1,0,0
DLA_Piper_Italy,1,0,0
AlessandraRaina,0,0,1
Desynina3,1,0,0
Cosi49Cosimo,0,1,0
grimaldeschi,1,0,0
RosariaGismon,1,0,0
SantinomySm,4,0,0
ElioPD,0,1,0
liliana14229842,1,0,0
24zampe,3,1,0
SilviaZennaro7,3,0,0
LindaRandisi,75,0,0
dfander00331750,1,0,0
adriespo,2,0,0
MaterBi_it,1,0,0
ilmetropolitan,2,0,0
Radio1Rai,2,0,0
massimo_carta,1,0,0
federalberghi,1,0,0
CaleEuropaEdic,2,0,0
value4valuables,1,0,0
soemiade,5,0,0
Giampie71871776,1,0,0
annabonfi,1,0,0
MPrinzis,1,0,0
rCangiante,1,0,0
bighelius,1,0,0
umbriajournal_,1,0,0
MauroBat32,1,0,0
LiaStaropoli,2,0,0
Behemoth80,0,1,0
ruiciccio,0,1,1
battistabd,0,1,0
SilvanaAlbanes1,2,0,0
Superdopafly,1,0,0
vam237,1,0,0
marinvolant,1,0,0
claudiomio,1,0,0
redspecial911,5,0,0
LaVoceRC,5,0,0
IlMondoDiAllie,1,0,0
luciarizzo64,1,0,0
Fmela24,1,0,0
Barbieri156D,0,1,0
salidaparallela,0,1,0
robertocosta_ge,1,0,0
robin_mura,1,0,0
markor988,43,0,0
Ilenia1970,1,0,0
BenedettaCasu,62,0,0
PSparlando,1,0,0
LauraViscusi,1,0,0
elisbro,1,0,0
woland1964,1,0,0
SMediaGreen,1,0,0
massimocm1,1,0,0
infoa360,9,0,0
7SirAlex,1,0,0
GiuseppeCanzane,1,0,0
arpaumbria,1,0,0
lumacapop,1,0,0
delicate_purple,1,0,0
Sabbetta,1,0,0
matteo_anesi,1,0,0
Antomar555,1,0,0
Casear_Iulius,11,0,0
HIGHprecision,1,0,0
Vicenza_Today,1,0,0
Filippopompei,1,0,0
PoliceNewsTas,1,0,0
Vasco35481906,0,1,0
TgrRaiToscana,1,0,0
CSRManagerNet,1,0,0
fedquattrocchi,1,0,0
videOasls,1,0,0
kiriosomega,0,1,0
paridemotta72,2,0,0
ZacchedduFranc1,1,0,0
GarnellSailing,1,0,0
Davide_on_a_Mac,1,0,0
EffeF61,2,0,0
AlexKensei77,1,0,0
xbici,1,0,0
fabio70AR,1,0,0
squalius,1,0,0
chiaraperte,1,0,0
allattamento,1,0,0
GiadaCanduzzi,2,0,0
lentinivince,0,1,0
gambettino,1,0,0
Roma22Sa,0,0,1
ar_cavaliere,0,0,1
fmbreakfast,1,0,0
Alessan61795171,0,0,1
EPolice15,1,0,0
bellocch,1,0,0
OnorioFerraro,0,1,0
MariellaAnziano,1,0,0
paoloigna1,1,0,0
LaSetaro,1,0,0
gia161170,1,0,0
LinoMantero,4,0,0
GFPanetta,1,0,0
ailinon80,2,0,0
frailmari,1,0,0
Patrizia1965Di,1,0,0
AiseStampa,1,0,0
rofuba,1,0,0
FederalbergVCO,1,0,0
lixmax72,1,0,0
retesoletv,2,0,0
revivalsbae,0,0,1
chruggeri,1,0,0
pierluigi56,1,0,0
SpinosoDavide,1,0,0
Mauro_Mana,1,0,0
Laziotgroma,2,0,0
ziotinotgr,1,0,0
GSchembri,1,0,0
Ninaforthedogs,1,0,0
25a1f0b80464487,64,0,0
fio65,1,0,0
orvietonews,2,0,0
HSimonetta,1,0,0
Palmyro70,1,1,0
Agenzia_Dire,1,0,0
mikyxy87,2,0,0
sushthesis,1,0,0
TernaSpA,3,0,0
KylaDawnFarls,1,0,0
nocciolone,0,0,1
silviafossiblog,1,0,0
zaynslaugh__,1,0,0
museumstrategy,1,0,0
vincenzogfg,4,0,0
BruceLeeHustl4,1,0,0
montecarlo50630,1,0,0
SjylPoliti,1,0,0
lazzarin_andrea,12,0,0
stagliacollo,0,1,0
TheRenry,0,1,0
Meta_Magazine,3,0,0
SegnalazioniSS,0,1,0
filmassari1,1,0,0
Frances29571990,1,0,0
CordelGiorno,2,0,0
orestenovazzi,1,0,0
GiuseppeMiro,3,0,0
strategicpolicy,1,0,0
menelaolemanine,0,0,1
fabioseragusa,1,0,0
dotcom_tony,1,0,0
piero062,10,0,0
settesere,1,0,0
radioadina,1,0,0
EdoardOrsi,1,0,0
Animalisti_FVG,1,0,0
raffaele0077,2,0,0
AntSagliocca,1,0,0
archiettoliber,1,0,0
vmvmarco,1,0,0
SheisGiu,0,0,1
grantomm,1,0,0
FrancyDicorato,2,0,0
sferriam,1,0,0
simba6006,38,0,0
quoquetu,1,0,0
RobertoMinerdo,1,0,0
GianassiFede,0,1,0
OttavioPirelli,2,0,0
byzio66,1,0,0
Cityrumors_it,4,0,0
IEUREPORTER,3,0,0
corrierecaserta,2,0,0
sigworld,1,0,0
giusepp90404326,1,0,0
Coccynella500,0,1,0
MirianoOttavia1,1,0,0
selly_h96,1,0,0
PARTIDAQUI,0,1,0
SantellaMarco,1,0,0
giuspaterniti,6,0,0
angelamineo14,3,0,0
r_aniello,2,0,0
EEnricoielasi,2,0,0
FederalberghiRM,1,0,0
AndreaBrandima1,1,0,0
kit960,0,1,0
LNeliana,1,0,0
retewebitalia,1,0,0
CTAMELLINI,1,0,0
Pippo_1,0,1,0
gsoricaro,1,0,0
biomillarte,1,0,0
FaenzaWebTv,2,0,0
_silviaJZ4_,0,0,1
crociangelini,1,0,0
Mafara72,3,0,0
MaraTahnee,1,0,0
massimobitonci,1,0,0
MariateresaSi,3,0,0
portentoorlando,1,0,0
canalesicilia,9,0,0
LauraGio_75,0,1,0
MarraiFrancesco,3,0,0
Bio4Expo,1,0,0
StefaniaDiBiase,1,0,0
noscros,73,2,0
109lore,2,0,0
Paolo44716751,1,0,0
andrearipa90,2,0,0
ReteComuniSIN,1,0,0
pedro_becares_,1,0,0
Augustaonline,1,0,0
Bea___gallo,1,0,0
Annagmilan,2,0,0
letz73,1,0,0
rbrencio,1,0,0
alexniculae,1,0,0
ilario1900,1,0,0
FrancescoNeva,1,0,0
beria_giancarla,1,0,0
fabio_calcioli,4,0,0
gianlucaeroico,13,0,0
gera_nicoletti,1,0,0
dk768,0,1,0
marinifab,1,0,0
IMPERIATV,5,0,0
angelinabiz,1,0,0
silvio1288,14,0,0
Avramopoulos,1,0,0
ilSiberiano_,1,0,0
Twiperbole,1,0,0
1lupogrigio,2,0,0
diarioditrieste,1,0,0
DiavoloAcquasnt,1,0,0
BerniToledo,1,0,0
frafra61_rossi,0,1,0
sabrinagrelli,1,0,0
terrorfunding,2,0,0
BiogalFa,15,0,0
GramignaStrega,3,0,0
VIOLAMARTELLA46,0,0,1
Raffipaffy,0,0,1
eryka_bo,3,0,0
Loupo85,2,0,0
pippodedo62,2,0,0
ScoutsPompiers,2,0,0
lm6sei,1,0,0
YouReporter,1,0,0
ernestobruno6,1,0,0
GDF,48,0,0
darioarpaio,1,0,0
gi11es,1,0,0
HCoastGuard,2,0,0
LaGazzettaWeb,1,0,0
edoardofaiella,4,0,0
soli1964,1,0,0
MrEfis79,1,0,0
HannesMerutti,1,0,0
angeloderosa1,2,0,0
SolomonKisskiss,1,0,0
DBotondi,1,0,0
AlePalmi82,0,1,0
amdisessa,1,0,0
SpeBoccafogli,1,0,0
RavennaDintorni,1,0,0
ilpaesenuovo,2,0,0
twittodarte,1,0,0
giobettarini,0,1,0
DjVitruvian,1,0,0
f_ottaviani,1,0,0
mimich58,1,0,0
AUGC_VALENCIA,1,0,0
Salvato31515510,2,0,0
Snoopy16466,0,1,0
siracusanews,1,0,0
AnnaNigra,2,0,0
luigi_viscusi,1,0,0
Ben82589094,1,0,0
Freedomanagemnt,3,1,4
IdoneiGdF2012,46,0,0
kyosuke009,0,1,0
MaxBlackCats,2,0,0
gianpaolobiban,26,0,0
TgVerona,1,0,0
RobertoDiRenzo1,1,0,0
RemyHerren,1,0,0
GabriPrudente,1,0,0
vitto_72,1,0,0
ilGazzettinoves,1,0,0
rbisirri,1,0,0
PlasticaVerde,1,0,0
BPtobia,0,1,0
ScrivoLibero,1,0,0
ilgattonaccio,3,0,0
comunebassano,1,0,0
MrRossini,1,0,0
mikivimo,1,0,0
bettinagalo,1,0,0
renzoferrari61,0,1,0
CryPaolo,0,1,0
clide72,1,0,0
UmbriaDomani,3,0,0
Erix_Genovese,1,0,0
BuonoClaudio,1,0,0
AlexFacchinetti,0,1,0
Weblifemedia,1,0,0
VicentePugliaAr,1,0,0
Monica_torino,0,2,0
newsrimini,1,0,0
attilioc39,1,0,0
SinnovaIT,1,0,0
GiuseppeCru7,0,1,0
Asch_63,0,0,1
StefanoLat,1,0,0
Mariucc17684432,0,1,0
HelmysWlfey,1,0,0
IlMattinoFoggia,2,0,0
pendolare67,1,0,0
becare_29,1,0,0
ItalyatOECD_ESA,1,0,0
gazambelli,1,0,0
Gennaro_DSM,52,0,0
13doule,1,0,0
RossiniPoli,1,0,0
AndFranchini,6,4,0
alebarone80,1,0,0
salvomic,2,0,0
OnTheRoad83,1,0,0
Melania52111463,1,0,0
BBInsider3,1,0,0
TgrPiemonte,1,0,0
matteocannito,1,0,0
crpiemonte,1,0,0
gabbo10000,1,0,0
RobRe62,27,0,0
metaanto,1,0,0
filotesa,0,0,1
carla_pantano,0,1,0
Virtualmypos,1,0,0
adbonanni,1,0,0
mario_catania,2,0,0
PicenoTime,1,0,0
AgiproNews,2,0,0
dottocistico,1,0,0
StoppaAntonio,29,0,0
Melogranocs,1,0,0
Montecitorio,6,0,0
nuhares,1,0,0
CasilinaNews,1,0,0
andruszka71,0,0,2
battaglia_persa,1,0,0
gpellarin84,0,0,1
marialves53,1,0,0
marco_gmlavolpe,1,0,0
News24_it,11,0,0
Stefan0514,4,0,0
TINAGULLI1,0,1,0
robegalli,0,1,0
Ecozema_IT,1,0,0
sandripavli,1,0,0
LClovisse,1,0,0
francy1973tosi,0,1,0
37Boogie,4,0,0
Nlorisis,1,0,0
Andy72P,4,0,0
piero7912,1,0,0
aldoceccarelli,2,0,0
angelinascanu,1,0,0
lamescolanza,3,0,0
TgrMolise,1,0,0
Federmanager,1,0,0
dippolitowilma,1,0,0
democratici,1,0,0
AmodeoCesare,1,0,0
lastep440,1,0,0
corpoforestale,2,0,0
sixstrings21,1,0,0
bdg_vi,1,0,0
SusiBallabio78,1,0,0
Turiddu69,1,0,0
PallanchR,1,0,0
telebrindisiweb,3,0,0
ItalyinSerbia,1,0,0
FRANCESC0PAGANO,3,0,0
ak1010,1,0,0
VozzaAnita,1,0,0
CLamoglie,1,0,0
riccardofiorito,2,0,0
cschannel_news,1,0,0
CormacJOKeeffe,1,0,0
ildicece,1,0,0
RoxyMenty,1,0,0
ESlucegas,1,0,0
Naizarg,1,0,0
Bejonce77,1,0,0
bolartur,1,0,0
brunoforesi,1,0,0
Stefbazzi,0,1,0
ellellevercillo,3,0,0
FedeRacing88,1,0,0
filippobassato,1,0,0
dario_vito23,11,0,0
Morgaine1967,1,0,0
FNhuis,1,0,0
sonnyscrivano,0,1,0
Luigi1957Luigi,9,0,0
parlattando,1,0,0
AliceBenacchio,1,0,0
gp_fiore,1,0,0
DEliaMichele,1,0,0
FrankZanata,2,0,0
FettucciaS,4,0,0
lucianolivieri_,1,0,0
CiPintus,1,0,0
CretellaRoberta,0,1,0
Arnatak,1,0,0
Ferdinando89,4,0,0
mdanz72,1,0,0
ZampieriChiara,0,1,0
Ciuina06,1,0,0
silviaturin,1,0,0
webnauta59,8,0,0
estensecom,1,0,0
micaleafacchini,1,0,0
demian_yexil,0,1,0
cfdp33,0,1,0
SardegnaPRadio,1,0,0
AlfonsoDinamite,1,0,0
guzmanjazmlne,1,0,0
ILBUONPASTORE,1,0,0
OrvietoTv,2,0,0
occhioacosadici,1,0,0
jromeromorgaz,2,0,0
toninoiltipo,1,1,0
MadagioPepe,0,1,0
Roma3Radio,1,0,0
janopgenoorth,1,0,0
giannimacheda,1,0,0
StaletovicS,2,0,0
il_brigante07,0,1,0
casolarof,2,0,0
Arieliaghetto,2,0,0
InterpolHELPus,1,0,0
drusilla70,1,0,0
Gruppo8Marzo,1,0,0
giovannifusari,1,0,0
beamontini,1,0,0
Peschiera_r,1,0,0
GazzaNet_it,1,0,0
brindisitime,2,0,0
ilnesi,2,0,0
DossiCarla,1,0,0
pombo1976,1,0,0
patawill359,5,0,0
barbarab1974,2,0,0
ClemensMarella,1,0,0
sfbracciorosso,1,0,0
L_Torri,1,0,0
TgrSardegna,4,0,0
FraAndreozzi,2,0,0
BrindisiReport,2,0,0
sbaffato,5,0,0
ConsLomb,1,0,0
rep_bari,1,0,0
FrancyG9,1,0,0
Mediaweblife,1,0,0
StationLavaredo,0,0,1
baronegiuseppe,1,0,0
marino29b,1,0,0
HR_italian,1,0,0
patrikkka,1,0,0
autoemotodepoca,1,0,0
Andrea_Covre,1,0,0
Trinity8mm,1,0,0
tenshi355,2,0,0
AntoDiMario,2,0,0
mauro17673,25,0,0
cosimo87_d,4,0,0
TommyMediagold,16,0,0
IMorassi,1,0,0
RaiNews,1,0,0
GiorgioFaraon00,1,0,0
felicecilfone,1,0,0
caronenicola93,1,0,0
lucillalucio7,0,1,0
Carmelo_M86,1,0,0
ilariasotis,1,0,0
peppexpo,1,0,0
Nimapel75,1,0,0
alcinx,16,0,0
InfoGiordy,1,0,0
ClementeScafuro,1,0,0
CarmelaVampo,53,0,0
LaGazzetta_EN,1,0,0
Maxbar65Massimo,1,0,0
TgrRaiLazio,4,0,0
TheMusketeer8,1,0,0
DIOGENECINICO,1,0,0
ClaudiaC111,1,0,0
bio4xp,1,0,0
Cristoferbaldet,2,0,0
ecocloe,1,0,0
xblunotte,1,0,0
RuggiTita,1,0,0
barlettam769,15,0,0
giorgiopoggi81,1,0,0
PaolaCanonico1,1,0,0
GiuseppeCult,1,0,0
russo_alfio,2,0,0
StefanoLonghi2,1,0,0
ofcs_report,4,0,0
atlantide_Chris,1,0,0
marcomont90,31,1,0
ITnewsPZ,1,0,0
Vitasostenibile,1,0,0
UrbimanoOrbi,2,0,0
berlinialberto,1,0,0
sllitslien,1,0,0
extraterra62,1,0,0
martinesdavid75,0,1,0
autribunal,1,0,0
FedeAngeli,0,0,1
spouseshl,2,0,0
RadioStudio_93,5,0,0
LAntieroe,1,0,0
serenellavasco,1,0,0
stefanocarlo2,1,0,0
maelmale,1,0,0
MorensAndrea,1,0,0
italiaxitalia,1,0,0
MEF_GOV,3,0,0
ecoallestimenti,1,0,0
dxmariella,0,0,1
FranFerrante,1,0,0
ManuPalo67,1,0,0
giordanomixxi,1,0,0
anucara,1,0,0
Bessico2,0,1,0
NativiItaliani,1,0,0
tgrvda,1,0,0
blrdmancapps,1,0,0
claudiabilli,1,0,0
riccardiandrea1,1,0,0
DeboraSca,1,0,0
TeoMg96,1,0,0
FeliciLory,7,0,0
eleitaliana,1,0,0
Franc__es,41,0,0
DiRonzaGiacomo,1,0,0
Maury1958,3,0,0
CefarattiEnric1,1,0,0
robertoanino,1,0,0
csibologna,1,0,0
Barzaglier,3,0,0
GioRomanoTgrRai,1,0,0
valy_s,0,1,0
VaniaCecconi,1,0,0
GnnFnt,3,0,0
ChiaraDefeo,1,0,0
il_visitatore,0,0,1
fabiofrancese3,1,0,0
AMAKD301,1,0,0
OttLegalRebels,1,0,0
VinoegustoBlog,1,0,0
GioelePaglia,1,0,0
leprif,1,0,0
merryjwsuv118,1,0,0
GarauSilvana,1,0,0
LaRadioNeParla,2,0,0
direorvietonews,2,0,0
luca_podio,1,0,0
STUDIOLEGALEACP,1,0,0
LeoGuerini,0,1,0
davide_xbxb,44,0,0
gortombina,1,0,0
coccinellasf69,1,0,0
percivalgull,0,1,0
DarioNardella,0,1,0
enzo_enzofelix,11,0,0
TgrRaiPuglia,1,0,0
AmoSaletta,2,0,0
Cfm_Arpacal,0,1,0
SandroAddario,1,0,0
CO_WhiteDwarf,1,0,0
ANDAF_CFO,1,0,0
ValoreSociale,1,0,0
aranciaverde,1,0,0
lauraboldrini,2,0,0
miky_ro,1,1,0
forte_l,1,0,0
prof1976,1,0,0
Ascanio111,1,0,0
WhitewolfGori,0,1,0
napolitano1961,1,0,0
Rolfi39,1,0,0
annaric95744795,0,1,0
mondo_migliore,1,0,0
84Pablita,7,0,0
GovindaAghori,1,0,0
pos_kay,1,0,0
GrissBicocca,1,0,0
CupparoMary,1,0,0
Valelovesamanda,1,0,0
Dades74C,1,0,0
irenellas,1,0,0
isabelladichio,5,0,0
atrejurm12,14,0,0
Sirio081,1,0,0
JohannesDreijer,1,0,0
ArcangeloMonta1,1,0,0
hotvideotweets,1,0,0
meminusyou_,1,0,0
pierrebxl,1,0,0
LucianoLavecchi,1,0,0
ColorsSounds,1,0,0
lufabio_fs,41,0,0
FederBio,1,0,0
polycartspa,2,0,0
87Sary,1,0,0
badiagnano,8,0,0
GiaSilvestrini,1,0,0
aamaa_es,1,0,0
ilmessaggeroit,2,0,0
zenobili,2,0,0
bealucarella,0,1,0
arevmine,0,0,1
CriMartinelli16,3,0,0
c0dd6789363840e,1,0,0
signorile55,1,0,0
naspetti,1,0,0
fiabeschienrico,1,0,0
01e3feec74fe4e6,1,0,0
DottVignolo,1,0,0
MessoreSonia,1,0,0
ComitatoIdoneiN,1,0,0
TgrRaiFVG,4,0,0
fichera_d,1,0,0
rosannaprocacci,1,0,0
BelindaDi,1,0,0
PatriziaRametta,0,1,0
nicola_picardi,1,0,0
nico261991,79,0,0
Gianluca_73,15,0,0
Scorazzata,1,0,0
fabiozpp,1,0,0
wwf_taranto,1,0,0
ConnyTobermory,1,0,0
mele_nando,1,0,0
cisomgenova,3,0,0
Cate0175,1,0,0
Tg3web,1,0,0
RosannaMarani,1,0,0
MarosticaR,1,0,0
GalvaniM,1,0,0
luisaloffredo28,0,1,0
TeleRompo,1,0,0
CyberToolsBooks,1,0,0
Bettons93,1,0,0
sisifosrl,1,0,0
FedericoZurzolo,1,0,0
_Carabinieri_,1,0,0
soleterramare,0,1,0
TgrRai,17,0,0
i_Charge,1,0,0
bagaf87,1,0,0
demeteritalia,1,0,0
WWFitalia,1,0,0
Andrea_Radic,1,0,0
ReTwitStorm_ita,1,0,0
MauroBarin,0,1,0
mark_nm,1,0,0
socialmiliac,3,0,0
lanzigiuseppe,1,0,0
Claudiowellphon,0,1,0
GiuseppeCrisaf1,1,0,0
napolaris_,0,1,0
MasterLex_,1,0,0
IPZS,1,0,0
betelgeuse2010,1,0,0
CelentanoLuisa,1,0,0
sohampandlt,1,0,0
Rebelli0n2k,0,1,0
Gigebi,1,0,0
scipio57,1,0,0
marconipop,1,0,0
arlettisaverio,0,1,0
tony_elias15,2,0,0
LuciaCavaliere1,1,0,0
93607bc97c2b480,1,0,0
Ecosofista,1,0,0
FabrizioRira,1,0,0
BGrisafi,1,0,0
GianLucaArtizzu,1,0,0
ToktakM0nnapat,1,0,0
Alescios,1,0,0
ponti66,1,0,0
mwa1791,1,0,0
ilgiornaledicas,2,0,0
laltraguanciama,0,1,0
livecoop,1,0,0
Cyber_Laser,1,0,0
SHIPaCARasap415,1,0,0
kukumalu76,1,0,0
gooblin73_83196,1,1,0
sonociambella,1,0,0
CULT_TIME,1,0,0
gtkd85,0,1,0
Jusfincom,1,0,0
padfrance,0,1,0
camgiaci,0,1,0
lamentedmente,1,0,0
shasyafanzia,1,0,0
marburdrava,1,0,0
paolinopapaerin,3,0,0
Ipsoa,8,0,0
Faraone2016,0,1,0
GIORGIO141068,1,0,0
ilvaglio1,1,0,0
streghina62,1,0,0
massimoisetti,2,0,0
juanan_carande,1,0,0
AlbertoIonna,1,0,0
frafree86,1,0,0
mdbroma,4,0,0
MsKateCakes206,1,0,0
MariaCarmosino,0,1,0
laurenRUTHlnger,1,0,0
AlessioFraumene,1,0,0
FalcionelliFede,8,0,0
poliziadistato,1,0,0
shawnslaught,1,0,0
sarettarm82,1,0,0
StefaniaZucc,0,1,0
mirenzo61,1,0,0
EnrichettaNegri,0,1,0
ITANIMULLI7,1,0,0
greeningmktIT,1,0,0
ripofnail,3,0,0
leccenews24,4,0,0
romanofromitaly,0,1,0
alessiabrunett,43,0,0
NewsRSN,1,0,0
infinitorenato,1,0,0
SIMARRO88,1,0,0
carincilaura,1,0,0
federicamassa3,1,0,0
gigidaco,1,0,0
PPirastu,2,0,0
unblogpolitico,2,1,0
emmazanni,0,1,0
ngRawr446,1,0,0
NoicheAmiamoFO,6,3,0
RassegnaVela,1,0,0
PeppeGiuliano,16,0,0
DavideRonni,1,0,0
OrbisTertius3,1,0,0
LuigiTaurino,3,0,0
NunezLafuen,1,0,0
MGraziaFasc,2,0,0
SiracusaTimes,2,0,0
FlaviaCorda,3,0,0
Guerradtw,1,0,0
and_bassi,1,0,0
CTraumastudies,1,0,0
rickyreys,1,0,0
gigliointi,1,0,0
Desyspillo,1,0,0
Changement71,1,0,0
miridesant,1,0,0
venjames,13,0,0
danieledvpd,0,1,0
mallardidomeni1,5,0,0
alessandro_diz,1,0,0
tulipano_anna,2,0,0
RavennaWebTV,5,0,0
CarloVeber,1,0,0
taniadigennaro,39,0,0
SaralunaT,2,0,0
lorenzosalvia,1,0,0
MassimoQuarta4,1,0,0
ossolanews,1,0,0
avantinoi,1,0,0
MariellaMaffini,1,0,0
L_Antifascista,1,0,0
maurysanche,1,0,0
roberiez,1,0,0
sutikamarina,1,0,0
GruppoCdp,1,0,0
Yennypm_81,1,0,0
stiglianopasqu1,1,0,0
GazzettaMeridio,1,0,0
grinaldi8,1,0,0
Beailesoloio,0,1,0
U_R_F_I,3,0,0
FarmaciaGreen,1,0,0
Sabrina00297634,1,0,0
mimmocoach,3,0,0
robertoabate77,1,0,0
sacchetico,1,0,0
LaurusRobuffo,0,1,0
AnnaCongelata6,3,0,0
mario_schembri,1,0,0
sisifoitalia,1,0,0
MARCANTESAVERIO,5,0,0
dakargilbert,2,0,0
Ran78,2,0,0
TgrCalabria,2,0,0
PClemente68,1,0,0
benny2216,1,0,0
sandrarouge68,1,0,0
NOVLTeNOGRATTIN,13,0,0
GIUSEPP80600779,0,1,0
RossanaSanavio,1,0,0
phlcgn,1,0,1
ANDREAZANETTIN,0,1,0
paolopuglisi50,2,0,0
SalvoMandara,1,0,0
PierMaran,1,0,0
mgmalacrida,1,0,0
Titasista,1,0,0
nevercameback,1,0,0
partnerdigitale,1,0,0
sarvexit,1,0,0
PierFra100,2,0,0
lapiazzaweb,1,0,0
frax76_,1,0,0
VerbaniaNotizie,1,0,0
CreeEdge,1,0,0
twMirandolina,1,0,0
tine_10e,1,0,0
Ljuba2000,1,0,0
Cheru65,1,0,0
jacop_etti,1,0,0
Brunellaaaa_,1,0,0
daniele17121972,1,0,0
CampioniGianni,1,0,0
MarcoPizzi14,1,0,0
apamcyl,1,0,0
Mauro5514,0,1,0
DnlCsz,1,0,0
PendolariRMNord,3,0,0
tamaradandria,19,0,0
DarioProietti1,1,0,0
StampToscana,3,0,0
Pagliarafabio,1,0,0
SamperiB,0,0,1
rafgri70,1,0,0
lorenzo13805,3,0,0
gicvd,1,0,0
2014Monaco,1,0,0
trincherov,6,0,0
giambarombi,1,0,0
bioqualita_,1,0,0
